volumen,graduacion,productor,pais,etiqueta,notas de cata,url
75,"<0,5 %",Carl Jung (Alemania),Alemania,Vegano,"De color rosa sutil, ligeramente brillante, finamente afrutado y refrescante. Acidez armoniosa, taninos sutiles, frutal con recuerdos a frambuesas y fresas.",https://www.thebluedolphinstore.com/producto/vino-sin-alcohol-zero-zero-blanco/
75,"0,5%",Carl Jung (Alemania),Alemania,Syrah,"De color rosa sutil, ligeramente brillante, finamente afrutado y refrescante. Acidez armoniosa, taninos sutiles, frutal con recuerdos a frambuesas y fresas.",https://www.thebluedolphinstore.com/producto/vino-sin-alcohol-zero-zero-blanco/
75,"<0,5 %",Carl Jung (Alemania),Alemania,"Cabernet Sauvignon, Vegano","De color rosa sutil, ligeramente brillante, finamente afrutado y refrescante. Acidez armoniosa, taninos sutiles, frutal con recuerdos a frambuesas y fresas.",https://www.thebluedolphinstore.com/producto/vino-sin-alcohol-zero-zero-blanco/
75,"<0,5 %",Carl Jung (Alemania),Alemania,"Merlot, Vegano","De color rosa sutil, ligeramente brillante, finamente afrutado y refrescante. Acidez armoniosa, taninos sutiles, frutal con recuerdos a frambuesas y fresas.",https://www.thebluedolphinstore.com/producto/vino-sin-alcohol-zero-zero-blanco/
75,"0,5%",Carl Jung (Alemania),Alemania,No Disponible,"De color rosa sutil, ligeramente brillante, finamente afrutado y refrescante. Acidez armoniosa, taninos sutiles, frutal con recuerdos a frambuesas y fresas.",https://www.thebluedolphinstore.com/producto/vino-sin-alcohol-zero-zero-blanco/
75,"0,5%",Carl Jung (Alemania),Alemania,Cabernet Sauvignon,"De color rosa sutil, ligeramente brillante, finamente afrutado y refrescante. Acidez armoniosa, taninos sutiles, frutal con recuerdos a frambuesas y fresas.",https://www.thebluedolphinstore.com/producto/vino-sin-alcohol-zero-zero-blanco/
75,"<0,5 %",Carl Jung (Alemania),Alemania,"Chardonnay, Vegano","De color rosa sutil, ligeramente brillante, finamente afrutado y refrescante. Acidez armoniosa, taninos sutiles, frutal con recuerdos a frambuesas y fresas.",https://www.thebluedolphinstore.com/producto/vino-sin-alcohol-zero-zero-blanco/
75,"<0,5 %",Carl Jung (Alemania),Alemania,"Riesling, Vegano","De color rosa sutil, ligeramente brillante, finamente afrutado y refrescante. Acidez armoniosa, taninos sutiles, frutal con recuerdos a frambuesas y fresas.",https://www.thebluedolphinstore.com/producto/vino-sin-alcohol-zero-zero-blanco/
75,"<0,5 %",Oddbird International (Suecia),Suecia,"Chardonnay, Orgánico / Ecológico, Vegano","De color rosa sutil, ligeramente brillante, finamente afrutado y refrescante. Acidez armoniosa, taninos sutiles, frutal con recuerdos a frambuesas y fresas.",https://www.thebluedolphinstore.com/producto/vino-sin-alcohol-zero-zero-blanco/
75,0%,Oddbird International (Suecia),Suecia,"Orgánico / Ecológico, Sin saborizantes, Vegano","De color rosa sutil, ligeramente brillante, finamente afrutado y refrescante. Acidez armoniosa, taninos sutiles, frutal con recuerdos a frambuesas y fresas.",https://www.thebluedolphinstore.com/producto/vino-sin-alcohol-zero-zero-blanco/
75,"0,5%",Oddbird International (Suecia),Suecia,No Disponible,"De color rosa sutil, ligeramente brillante, finamente afrutado y refrescante. Acidez armoniosa, taninos sutiles, frutal con recuerdos a frambuesas y fresas.",https://www.thebluedolphinstore.com/producto/vino-sin-alcohol-zero-zero-blanco/
75,"0,5%",Oddbird International (Suecia),Suecia,Chardonnay,"De color rosa sutil, ligeramente brillante, finamente afrutado y refrescante. Acidez armoniosa, taninos sutiles, frutal con recuerdos a frambuesas y fresas.",https://www.thebluedolphinstore.com/producto/vino-sin-alcohol-zero-zero-blanco/
75,"<0,5%",Oddbird International (Suecia),Suecia,Merlot,"De color rosa sutil, ligeramente brillante, finamente afrutado y refrescante. Acidez armoniosa, taninos sutiles, frutal con recuerdos a frambuesas y fresas.",https://www.thebluedolphinstore.com/producto/vino-sin-alcohol-zero-zero-blanco/
75,"<0,5%",Oddbird International (Suecia),Suecia,Cabernet Sauvignon,"De color rosa sutil, ligeramente brillante, finamente afrutado y refrescante. Acidez armoniosa, taninos sutiles, frutal con recuerdos a frambuesas y fresas.",https://www.thebluedolphinstore.com/producto/vino-sin-alcohol-zero-zero-blanco/
75,"<0,5%",Oddbird International (Suecia),Suecia,Riesling,"De color rosa sutil, ligeramente brillante, finamente afrutado y refrescante. Acidez armoniosa, taninos sutiles, frutal con recuerdos a frambuesas y fresas.",https://www.thebluedolphinstore.com/producto/vino-sin-alcohol-zero-zero-blanco/
75,"<0,5%",Oddbird International (Suecia),Suecia,No Disponible,"De color rosa sutil, ligeramente brillante, finamente afrutado y refrescante. Acidez armoniosa, taninos sutiles, frutal con recuerdos a frambuesas y fresas.",https://www.thebluedolphinstore.com/producto/vino-sin-alcohol-zero-zero-blanco/
75,"<0,5%",Oddbird International (Suecia),Suecia,"Bajo o Sin Calorías, Chardonnay, Orgánico / Ecológico","De color rosa sutil, ligeramente brillante, finamente afrutado y refrescante. Acidez armoniosa, taninos sutiles, frutal con recuerdos a frambuesas y fresas.",https://www.thebluedolphinstore.com/producto/vino-sin-alcohol-zero-zero-blanco/
75,0%,Oddbird International (Suecia),Suecia,"Bajo o Sin Calorías, Orgánico / Ecológico, Sin saborizantes","De color rosa sutil, ligeramente brillante, finamente afrutado y refrescante. Acidez armoniosa, taninos sutiles, frutal con recuerdos a frambuesas y fresas.",https://www.thebluedolphinstore.com/producto/vino-sin-alcohol-zero-zero-blanco/
75,"0,0%",Princess (Italia),Italia,"Bajo o Sin Calorías, Natural, Sin saborizantes","De color rosa sutil, ligeramente brillante, finamente afrutado y refrescante. Acidez armoniosa, taninos sutiles, frutal con recuerdos a frambuesas y fresas.",https://www.thebluedolphinstore.com/producto/vino-sin-alcohol-zero-zero-blanco/
75,"0,3%",Kolonne Null (Alemania),Alemania,"Bajo o Sin Calorías, Exclusivo Blue Dolphin, Riesling, Sin gluten, Vegano","De color rosa sutil, ligeramente brillante, finamente afrutado y refrescante. Acidez armoniosa, taninos sutiles, frutal con recuerdos a frambuesas y fresas.",https://www.thebluedolphinstore.com/producto/vino-sin-alcohol-zero-zero-blanco/
75,"<0,5%",Kolonne Null (Alemania),Alemania,"Bajo o Sin Calorías, Garnacha, Orgánico / Ecológico","De color rosa sutil, ligeramente brillante, finamente afrutado y refrescante. Acidez armoniosa, taninos sutiles, frutal con recuerdos a frambuesas y fresas.",https://www.thebluedolphinstore.com/producto/vino-sin-alcohol-zero-zero-blanco/
75,"0,0%",Producto de Aldea (Galicia-España),Galicia-España,Verdejo,"De color rosa sutil, ligeramente brillante, finamente afrutado y refrescante. Acidez armoniosa, taninos sutiles, frutal con recuerdos a frambuesas y fresas.",https://www.thebluedolphinstore.com/producto/vino-sin-alcohol-zero-zero-blanco/
75,"0,0%",Producto de Aldea (Galicia-España),Galicia-España,Tempranillo,"De color rosa sutil, ligeramente brillante, finamente afrutado y refrescante. Acidez armoniosa, taninos sutiles, frutal con recuerdos a frambuesas y fresas.",https://www.thebluedolphinstore.com/producto/vino-sin-alcohol-zero-zero-blanco/
75,"0,0%",Producto de Aldea (Galicia-España),Galicia-España,"Bajo o Sin Calorías, Chardonnay, Exclusivo Blue Dolphin, Halal, Merlot, Vegano","De color rosa sutil, ligeramente brillante, finamente afrutado y refrescante. Acidez armoniosa, taninos sutiles, frutal con recuerdos a frambuesas y fresas.",https://www.thebluedolphinstore.com/producto/vino-sin-alcohol-zero-zero-blanco/
75,"0,0%",Win (Valladolid – España),Valladolid – España,"Sin gluten, Vegano, Verdejo","De color rosa sutil, ligeramente brillante, finamente afrutado y refrescante. Acidez armoniosa, taninos sutiles, frutal con recuerdos a frambuesas y fresas.",https://www.thebluedolphinstore.com/producto/vino-sin-alcohol-zero-zero-blanco/
75,0%,Win (Valladolid – España),Valladolid – España,"Bajo o Sin Calorías, Chardonnay, Exclusivo Blue Dolphin, Halal, Vegano","De color rosa sutil, ligeramente brillante, finamente afrutado y refrescante. Acidez armoniosa, taninos sutiles, frutal con recuerdos a frambuesas y fresas.",https://www.thebluedolphinstore.com/producto/vino-sin-alcohol-zero-zero-blanco/
75,0%,Win (Valladolid – España),Valladolid – España,"Chardonnay, Exclusivo Blue Dolphin, Vegano","De color rosa sutil, ligeramente brillante, finamente afrutado y refrescante. Acidez armoniosa, taninos sutiles, frutal con recuerdos a frambuesas y fresas.",https://www.thebluedolphinstore.com/producto/vino-sin-alcohol-zero-zero-blanco/
75,"0,0%",Win (Valladolid – España),Valladolid – España,"Bajo o Sin Calorías, Moscatel","De color rosa sutil, ligeramente brillante, finamente afrutado y refrescante. Acidez armoniosa, taninos sutiles, frutal con recuerdos a frambuesas y fresas.",https://www.thebluedolphinstore.com/producto/vino-sin-alcohol-zero-zero-blanco/
75,0%,Win (Valladolid – España),Valladolid – España,"Bajo o Sin Calorías, Exclusivo Blue Dolphin, Merlot, Vegano","De color rosa sutil, ligeramente brillante, finamente afrutado y refrescante. Acidez armoniosa, taninos sutiles, frutal con recuerdos a frambuesas y fresas.",https://www.thebluedolphinstore.com/producto/vino-sin-alcohol-zero-zero-blanco/
75,"0,0%",Win (Valladolid – España),Valladolid – España,Tempranillo,"De color rosa sutil, ligeramente brillante, finamente afrutado y refrescante. Acidez armoniosa, taninos sutiles, frutal con recuerdos a frambuesas y fresas.",https://www.thebluedolphinstore.com/producto/vino-sin-alcohol-zero-zero-blanco/
75,"0,0%",Win (Valladolid – España),Valladolid – España,"Sin gluten, Tempranillo, Vegano","De color rosa sutil, ligeramente brillante, finamente afrutado y refrescante. Acidez armoniosa, taninos sutiles, frutal con recuerdos a frambuesas y fresas.",https://www.thebluedolphinstore.com/producto/vino-sin-alcohol-zero-zero-blanco/
75,"0,0%",Producto de Aldea (Galicia-España),Galicia-España,Tempranillo,"De color rosa sutil, ligeramente brillante, finamente afrutado y refrescante. Acidez armoniosa, taninos sutiles, frutal con recuerdos a frambuesas y fresas.",https://www.thebluedolphinstore.com/producto/vino-sin-alcohol-zero-zero-blanco/
75,"0,0%",Producto de Aldea (Galicia-España),Galicia-España,"Bajo o Sin Calorías, Garnacha, Syrah","De color rosa sutil, ligeramente brillante, finamente afrutado y refrescante. Acidez armoniosa, taninos sutiles, frutal con recuerdos a frambuesas y fresas.",https://www.thebluedolphinstore.com/producto/vino-sin-alcohol-zero-zero-blanco/
75,"0,0%",Producto de Aldea (Galicia-España),Galicia-España,"Bajo o Sin Calorías, Cabernet Sauvignon, Syrah","De color rosa sutil, ligeramente brillante, finamente afrutado y refrescante. Acidez armoniosa, taninos sutiles, frutal con recuerdos a frambuesas y fresas.",https://www.thebluedolphinstore.com/producto/vino-sin-alcohol-zero-zero-blanco/
75,"<0,5%",Somée (Alemania),Alemania,Cabernet Sauvignon,"De color rosa sutil, ligeramente brillante, finamente afrutado y refrescante. Acidez armoniosa, taninos sutiles, frutal con recuerdos a frambuesas y fresas.",https://www.thebluedolphinstore.com/producto/vino-sin-alcohol-zero-zero-blanco/
75,"0,0%",Princess (Italia),Italia,"Bajo o Sin Calorías, Natural, Sin saborizantes","De color rosa sutil, ligeramente brillante, finamente afrutado y refrescante. Acidez armoniosa, taninos sutiles, frutal con recuerdos a frambuesas y fresas.",https://www.thebluedolphinstore.com/producto/vino-sin-alcohol-zero-zero-blanco/
75,"0,0 %",Bodegas Juan Gil (España),España,"Vegano, Verdejo","De color rosa sutil, ligeramente brillante, finamente afrutado y refrescante. Acidez armoniosa, taninos sutiles, frutal con recuerdos a frambuesas y fresas.",https://www.thebluedolphinstore.com/producto/vino-sin-alcohol-zero-zero-blanco/
75,"<0,5%",Oddbird International (Suecia),Suecia,Vegano,"De color rosa sutil, ligeramente brillante, finamente afrutado y refrescante. Acidez armoniosa, taninos sutiles, frutal con recuerdos a frambuesas y fresas.",https://www.thebluedolphinstore.com/producto/vino-sin-alcohol-zero-zero-blanco/
75,"<0,5%",Oddbird International (Suecia),Suecia,Chardonnay,"De color rosa sutil, ligeramente brillante, finamente afrutado y refrescante. Acidez armoniosa, taninos sutiles, frutal con recuerdos a frambuesas y fresas.",https://www.thebluedolphinstore.com/producto/vino-sin-alcohol-zero-zero-blanco/
75,0%,Oddbird International (Suecia),Suecia,"Bajo o Sin Calorías, Merlot, Orgánico / Ecológico, Syrah","De color rosa sutil, ligeramente brillante, finamente afrutado y refrescante. Acidez armoniosa, taninos sutiles, frutal con recuerdos a frambuesas y fresas.",https://www.thebluedolphinstore.com/producto/vino-sin-alcohol-zero-zero-blanco/
75,"0,0%",Oddbird International (Suecia),Suecia,"Chardonnay, Vegano","De color rosa sutil, ligeramente brillante, finamente afrutado y refrescante. Acidez armoniosa, taninos sutiles, frutal con recuerdos a frambuesas y fresas.",https://www.thebluedolphinstore.com/producto/vino-sin-alcohol-zero-zero-blanco/
75,"<0,5%",Somée (Alemania),Alemania,No Disponible,"De color rosa sutil, ligeramente brillante, finamente afrutado y refrescante. Acidez armoniosa, taninos sutiles, frutal con recuerdos a frambuesas y fresas.",https://www.thebluedolphinstore.com/producto/vino-sin-alcohol-zero-zero-blanco/
75,"<0,5%",Somée (Alemania),Alemania,Chardonnay,"De color rosa sutil, ligeramente brillante, finamente afrutado y refrescante. Acidez armoniosa, taninos sutiles, frutal con recuerdos a frambuesas y fresas.",https://www.thebluedolphinstore.com/producto/vino-sin-alcohol-zero-zero-blanco/
75,"<0,5%",Somée (Alemania),Alemania,Riesling,"De color rosa sutil, ligeramente brillante, finamente afrutado y refrescante. Acidez armoniosa, taninos sutiles, frutal con recuerdos a frambuesas y fresas.",https://www.thebluedolphinstore.com/producto/vino-sin-alcohol-zero-zero-blanco/
75,"0,3%",Kolonne Null (Alemania),Alemania,"Bajo o Sin Calorías, Exclusivo Blue Dolphin, Sin gluten, Vegano, Verdejo","De color rosa sutil, ligeramente brillante, finamente afrutado y refrescante. Acidez armoniosa, taninos sutiles, frutal con recuerdos a frambuesas y fresas.",https://www.thebluedolphinstore.com/producto/vino-sin-alcohol-zero-zero-blanco/
75,"0,5%",Comercial DYP SPA (Chile),Chile,"Chardonnay, Exclusivo Blue Dolphin","De color rosa sutil, ligeramente brillante, finamente afrutado y refrescante. Acidez armoniosa, taninos sutiles, frutal con recuerdos a frambuesas y fresas.",https://www.thebluedolphinstore.com/producto/vino-sin-alcohol-zero-zero-blanco/
75,"0,0%",Comercial DYP SPA (Chile),Chile,Vegano,"De color rosa sutil, ligeramente brillante, finamente afrutado y refrescante. Acidez armoniosa, taninos sutiles, frutal con recuerdos a frambuesas y fresas.",https://www.thebluedolphinstore.com/producto/vino-sin-alcohol-zero-zero-blanco/
75,"0,0%",Comercial DYP SPA (Chile),Chile,Vegano,"De color rosa sutil, ligeramente brillante, finamente afrutado y refrescante. Acidez armoniosa, taninos sutiles, frutal con recuerdos a frambuesas y fresas.",https://www.thebluedolphinstore.com/producto/vino-sin-alcohol-zero-zero-blanco/
75,"0,4%",Kolonne Null (Alemania),Alemania,"Bajo o Sin Calorías, Exclusivo Blue Dolphin, Sin gluten, Vegano","De color rosa sutil, ligeramente brillante, finamente afrutado y refrescante. Acidez armoniosa, taninos sutiles, frutal con recuerdos a frambuesas y fresas.",https://www.thebluedolphinstore.com/producto/vino-sin-alcohol-zero-zero-blanco/
75,"<0,5%",Comercial DYP SPA (Chile),Chile,"Cabernet Sauvignon, Exclusivo Blue Dolphin","De color rosa sutil, ligeramente brillante, finamente afrutado y refrescante. Acidez armoniosa, taninos sutiles, frutal con recuerdos a frambuesas y fresas.",https://www.thebluedolphinstore.com/producto/vino-sin-alcohol-zero-zero-blanco/
75,"<0,5%",Somée (Alemania),Alemania,Merlot,"De color rosa sutil, ligeramente brillante, finamente afrutado y refrescante. Acidez armoniosa, taninos sutiles, frutal con recuerdos a frambuesas y fresas.",https://www.thebluedolphinstore.com/producto/vino-sin-alcohol-zero-zero-blanco/
75,"0,2%",Kolonne Null  (Alemania),Alemania,"Bajo o Sin Calorías, Exclusivo Blue Dolphin, Sin gluten, Vegano","De color rosa sutil, ligeramente brillante, finamente afrutado y refrescante. Acidez armoniosa, taninos sutiles, frutal con recuerdos a frambuesas y fresas.",https://www.thebluedolphinstore.com/producto/vino-sin-alcohol-zero-zero-blanco/
75,"0,01%",Dismark Products (Galicia – España),Galicia – España,"Airén, Bajo o Sin Calorías, Halal, Natural, Sin saborizantes, Tempranillo","De color rosa sutil, ligeramente brillante, finamente afrutado y refrescante. Acidez armoniosa, taninos sutiles, frutal con recuerdos a frambuesas y fresas.",https://www.thebluedolphinstore.com/producto/vino-sin-alcohol-zero-zero-blanco/
75,"0,0%",Dismark Products (Galicia – España),Galicia – España,"Bajo o Sin Calorías, Exclusivo Blue Dolphin, Halal, Merlot, Vegano","De color rosa sutil, ligeramente brillante, finamente afrutado y refrescante. Acidez armoniosa, taninos sutiles, frutal con recuerdos a frambuesas y fresas.",https://www.thebluedolphinstore.com/producto/vino-sin-alcohol-zero-zero-blanco/
75,"0,0%",Mercantia Desarrollos Alimentarios (Galicia – España),Galicia – España,"Bajo o Sin Calorías, Cabernet Sauvignon, Tempranillo","De color rosa sutil, ligeramente brillante, finamente afrutado y refrescante. Acidez armoniosa, taninos sutiles, frutal con recuerdos a frambuesas y fresas.",https://www.thebluedolphinstore.com/producto/vino-sin-alcohol-zero-zero-blanco/
75,"0,0%",Dismark Products (Galicia – España),Galicia – España,"Bajo o Sin Calorías, Chardonnay, Halal, Natural, Orgánico / Ecológico, Sin saborizantes","De color rosa sutil, ligeramente brillante, finamente afrutado y refrescante. Acidez armoniosa, taninos sutiles, frutal con recuerdos a frambuesas y fresas.",https://www.thebluedolphinstore.com/producto/vino-sin-alcohol-zero-zero-blanco/
75,"0,0%",Dismark Products (Galicia – España),Galicia – España,"Bajo o Sin Calorías, Halal, Merlot, Natural, Orgánico / Ecológico, Sin saborizantes","De color rosa sutil, ligeramente brillante, finamente afrutado y refrescante. Acidez armoniosa, taninos sutiles, frutal con recuerdos a frambuesas y fresas.",https://www.thebluedolphinstore.com/producto/vino-sin-alcohol-zero-zero-blanco/
75,"0,0%",Dismark Products (Galicia – España),Galicia – España,"Bajo o Sin Calorías, Chardonnay, Halal, Natural, Sin saborizantes","De color rosa sutil, ligeramente brillante, finamente afrutado y refrescante. Acidez armoniosa, taninos sutiles, frutal con recuerdos a frambuesas y fresas.",https://www.thebluedolphinstore.com/producto/vino-sin-alcohol-zero-zero-blanco/
75,"0,01%",Dismark Products (Galicia – España),Galicia – España,"Airén, Bajo o Sin Calorías, Halal, Natural, Sin saborizantes","De color rosa sutil, ligeramente brillante, finamente afrutado y refrescante. Acidez armoniosa, taninos sutiles, frutal con recuerdos a frambuesas y fresas.",https://www.thebluedolphinstore.com/producto/vino-sin-alcohol-zero-zero-blanco/
75,"0,02%",Dismark Products (Galicia – España),Galicia – España,"Bajo o Sin Calorías, Halal, Merlot, Natural, Sin saborizantes","De color rosa sutil, ligeramente brillante, finamente afrutado y refrescante. Acidez armoniosa, taninos sutiles, frutal con recuerdos a frambuesas y fresas.",https://www.thebluedolphinstore.com/producto/vino-sin-alcohol-zero-zero-blanco/
75,"0,0%",Dismark Products (Galicia – España),Galicia – España,"Bajo o Sin Calorías, Halal, Natural, Sin saborizantes, Tempranillo","De color rosa sutil, ligeramente brillante, finamente afrutado y refrescante. Acidez armoniosa, taninos sutiles, frutal con recuerdos a frambuesas y fresas.",https://www.thebluedolphinstore.com/producto/vino-sin-alcohol-zero-zero-blanco/
75,"0,0%",Princess (Italia),Italia,"Bajo o Sin Calorías, Natural, Sin saborizantes","De color rosa sutil, ligeramente brillante, finamente afrutado y refrescante. Acidez armoniosa, taninos sutiles, frutal con recuerdos a frambuesas y fresas.",https://www.thebluedolphinstore.com/producto/vino-sin-alcohol-zero-zero-blanco/
75,"0,0%",Mercantia Desarrollos Alimentarios (Galicia – España),Galicia – España,"Airén, Bajo o Sin Calorías","De color rosa sutil, ligeramente brillante, finamente afrutado y refrescante. Acidez armoniosa, taninos sutiles, frutal con recuerdos a frambuesas y fresas.",https://www.thebluedolphinstore.com/producto/vino-sin-alcohol-zero-zero-blanco/
